{
  "dateCreate": "2020-07-07T02:56:35.920Z",
  "oworker": "demo@local",
  "worker": "82fb2f10-bf50-11ea-9840-1b1699e7135f",
  "subject": "Помощь в организации тур. слета",
  "typeComunication": "mail",
  "coment": "Тур-клуб \"Горизонт\" предлагает провести совместный тур. слет. Требуется - помощь в организации, рекламе и предоставление некоторого оборудования.",
  "before": null,
  "after": null,
  "id": "37fbd1f0-bffe-11ea-9840-1b1699e7135f",
  "_class": "event@crm-ru",
  "_classVer": "",
  "_creator": "demo@local",
  "___workflowStatus": {}
}