{
  "dateCreate": "2020-07-07T03:07:23.382Z",
  "oworker": "demo@local",
  "worker": "eb577380-bf4f-11ea-9840-1b1699e7135f",
  "subject": "Демонстрация и продажа палатки",
  "typeComunication": "metting",
  "coment": "Была показана и продана палатка Outventure Dome-3.",
  "before": "46e957b0-bffd-11ea-9840-1b1699e7135f",
  "after": null,
  "id": "5899edb0-bfff-11ea-9840-1b1699e7135f",
  "_class": "event@crm-ru",
  "_classVer": "",
  "_creator": "demo@local",
  "___workflowStatus": {}
}