{
  "dateCreate": "2020-07-08T02:52:11.783Z",
  "oworker": "demo@local",
  "worker": "eb577380-bf4f-11ea-9840-1b1699e7135f",
  "subject": "Гарантийный случай - рюкзак",
  "typeComunication": "call",
  "coment": "Был куплен рюкзак, обнаружена поломка замка на внутреннем кармане. Должны привезти. Гарантийный талон в наличии.",
  "before": null,
  "after": null,
  "id": "60b195d0-c0c6-11ea-9840-1b1699e7135f",
  "_class": "event@crm-ru",
  "_classVer": "",
  "_creator": "demo@local",
  "___workflowStatus": {}
}