{
  "dateCreate": "2020-07-07T02:29:28.910Z",
  "typeEvent": "aadd6760-bff9-11ea-9840-1b1699e7135f",
  "target": "Увеличить продажи и привлечь потенциальных клиентов.",
  "auditor": "Подписчики Instagram,  интересующиеся активным отдыхом и туризмом.",
  "comment": "Таргетированная реклама в Instagram от Facebook",
  "files": [],
  "id": "c1c071e0-bffc-11ea-9840-1b1699e7135f",
  "organization": [
    "b4628ae0-bf4f-11ea-9840-1b1699e7135f"
  ],
  "product": [
    "248b7570-bffa-11ea-9840-1b1699e7135f",
    "2a81b680-bff8-11ea-9840-1b1699e7135f",
    "71cb0080-bffa-11ea-9840-1b1699e7135f",
    "f06a4640-bff9-11ea-9840-1b1699e7135f"
  ],
  "person": [
    "60832dc0-bf50-11ea-9840-1b1699e7135f",
    "c78c3e40-bf4f-11ea-9840-1b1699e7135f"
  ],
  "_class": "marketing@crm-ru",
  "_classVer": "",
  "_creator": "demo@local",
  "___workflowStatus": {}
}