{
  "dateCreate": "2020-07-07T02:23:52.497Z",
  "typeEvent": "43df7120-bf4f-11ea-9840-1b1699e7135f",
  "target": "Реализация товара - лодок Пакрафт Тритон 230",
  "auditor": "Посетители магазина и сайта",
  "comment": "Ознакомление посетителей с проходящей акцией - скидка 15% на лодки Пакрафт Тритон 230",
  "files": [],
  "id": "73d4a8a0-bff9-11ea-9840-1b1699e7135f",
  "organization": [
    "b4628ae0-bf4f-11ea-9840-1b1699e7135f"
  ],
  "product": [
    "2a81b680-bff8-11ea-9840-1b1699e7135f"
  ],
  "person": [
    "60832dc0-bf50-11ea-9840-1b1699e7135f",
    "c78c3e40-bf4f-11ea-9840-1b1699e7135f"
  ],
  "_class": "marketing@crm-ru",
  "_classVer": "",
  "_creator": "demo@local",
  "___workflowStatus": {}
}