{
  "dateCreate": "2020-07-08T02:18:45.833Z",
  "typeEvent": "43df7120-bf4f-11ea-9840-1b1699e7135f",
  "target": "Удерживать клиентов, которые уже ранее совершали покупки.",
  "auditor": "Клиенты, ранее совершавшие покупки в магазине.",
  "comment": "Скидка 5% на все представленные товары для клиентов, ранее совершавших покупки в магазине.",
  "files": [],
  "id": "191b0110-c0c2-11ea-9840-1b1699e7135f",
  "organization": [
    "b4628ae0-bf4f-11ea-9840-1b1699e7135f"
  ],
  "product": [
    "248b7570-bffa-11ea-9840-1b1699e7135f",
    "2a81b680-bff8-11ea-9840-1b1699e7135f",
    "4ba495c0-c0c1-11ea-9840-1b1699e7135f",
    "71cb0080-bffa-11ea-9840-1b1699e7135f",
    "f06a4640-bff9-11ea-9840-1b1699e7135f"
  ],
  "person": [
    "60832dc0-bf50-11ea-9840-1b1699e7135f",
    "c78c3e40-bf4f-11ea-9840-1b1699e7135f"
  ],
  "_class": "marketing@crm-ru",
  "_classVer": "",
  "_creator": "demo@local",
  "___workflowStatus": {}
}