{
  "typeEvent": "8c4080e0-b9b8-11ea-9dfe-6317022c39aa",
  "target": "Наращивание объемов производства товаров, пользующихся большим спросом.",
  "auditor": "",
  "comment": "",
  "files": [],
  "id": "6d73d780-b9bc-11ea-9dfe-6317022c39aa",
  "organization": [
    "e7f51b40-bc05-11ea-8abb-532f2e919751"
  ],
  "product": [],
  "person": [],
  "_class": "marketing@crm-ru",
  "_classVer": "",
  "_creator": "demo@local",
  "_editor": "demo@local",
  "___workflowStatus": {}
}