{
  "organName": "ООО \"Восток-Тур\"",
  "address": "",
  "email": "vostok-tur@vostok-tur.yandex.ru",
  "phone": "+7(4212) 65-27-00",
  "extContact": "",
  "region": "9cfe0e80-c0c4-11ea-9840-1b1699e7135f",
  "id": "b4628ae0-bf4f-11ea-9840-1b1699e7135f",
  "eventMarket": [
    "73d4a8a0-bff9-11ea-9840-1b1699e7135f",
    "c1c071e0-bffc-11ea-9840-1b1699e7135f",
    "191b0110-c0c2-11ea-9840-1b1699e7135f"
  ],
  "_class": "organization@crm-ru",
  "_classVer": "",
  "_creator": "demo@local",
  "_editor": "demo@local",
  "___workflowStatus": {}
}