{
  "region": "9cfe0e80-c0c4-11ea-9840-1b1699e7135f",
  "surname": "Антропов",
  "name": "Михаил",
  "patronymic": "Владимирович",
  "position": "Управляющий",
  "organPerson": "b4628ae0-bf4f-11ea-9840-1b1699e7135f",
  "address": "",
  "email": "",
  "phone": "",
  "extContact": "",
  "id": "60832dc0-bf50-11ea-9840-1b1699e7135f",
  "eventSend": [],
  "event": [],
  "_class": "person@crm-ru",
  "_classVer": "",
  "_creator": "demo@local",
  "_editor": "demo@local",
  "___workflowStatus": {}
}