{
  "region": "ff3b34b0-bc05-11ea-8abb-532f2e919751",
  "surname": "Иванов",
  "name": "Иван",
  "patronymic": "Иванович",
  "position": "Администратор",
  "organPerson": "e7f51b40-bc05-11ea-8abb-532f2e919751",
  "address": "г Москва ул. Ленина 23 оф.3",
  "email": "",
  "phone": "",
  "extContact": "",
  "id": "adf67b70-bc0d-11ea-8abb-532f2e919751",
  "eventSend": [
    "a988e120-b778-11ea-9dfe-6317022c39aa"
  ],
  "event": [
    "30f57600-bc06-11ea-8abb-532f2e919751"
  ],
  "_class": "person@crm-ru",
  "_classVer": "",
  "_creator": "demo@local",
  "_editor": "demo@local",
  "___workflowStatus": {}
}