{
  "region": "9cfe0e80-c0c4-11ea-9840-1b1699e7135f",
  "surname": "Обухов",
  "name": "Василий",
  "patronymic": "Геннадьевич",
  "position": "Продавец",
  "organPerson": "b4628ae0-bf4f-11ea-9840-1b1699e7135f",
  "address": "",
  "email": "",
  "phone": "",
  "extContact": "",
  "id": "c78c3e40-bf4f-11ea-9840-1b1699e7135f",
  "eventSend": [
    "df9a59f0-c0c0-11ea-9840-1b1699e7135f",
    "36042090-c0c2-11ea-9840-1b1699e7135f"
  ],
  "event": [],
  "_class": "person@crm-ru",
  "_classVer": "",
  "_creator": "demo@local",
  "_editor": "demo@local",
  "___workflowStatus": {}
}