{
  "state": "create",
  "name": "продукт",
  "file": "",
  "description": "",
  "id": "01b85f50-bc2a-11ea-8abb-532f2e919751",
  "_class": "product@crm-ru",
  "_classVer": "",
  "_creator": "demo@local",
  "___workflowStatus": {
    "product@crm-ru": {
      "next": {
        "createInsell": {
          "name": "createInsell",
          "caption": "Начать мероприятия по продаже",
          "signBefore": false,
          "signAfter": false,
          "confirm": false,
          "confirmMessage": ""
        }
      },
      "workflowCaption": "Продажа продукта",
      "stageCaption": "Создан",
      "stage": "create"
    }
  }
}