{
  "name": "04ac6760-bf5e-11ea-9840-1b1699e7135f",
  "description": "Скидка 15%. Пакрафт 230 от компании Тритон - полноценное плавсредство для одного человека с вещами. Модель отличается компактностью и предельно малым весом (2,7 кг).",
  "price": "19125 руб",
  "struct": "Закуплено по 18000 руб за шт. Цена на продажу 22500 + скидка 15% = 19125",
  "quantity": "5",
  "doc": [],
  "id": "2a81b680-bff8-11ea-9840-1b1699e7135f",
  "_class": "saleProduct@crm-ru",
  "_classVer": "",
  "_creator": "demo@local",
  "___workflowStatus": {}
}