{
  "name": "3165a470-bf5d-11ea-9840-1b1699e7135f",
  "description": "Классическая трехместная палатка для отдыха на природе от Outventure. Идеальный вариант для пикников и походов выходного дня благодаря простоте установки и малому весу.",
  "price": "4100 р",
  "struct": "Закуплено по 3450 за шт. Цена на продажу - 4100 р.",
  "quantity": "8",
  "doc": [],
  "id": "f06a4640-bff9-11ea-9840-1b1699e7135f",
  "_class": "saleProduct@crm-ru",
  "_classVer": "",
  "_creator": "demo@local",
  "___workflowStatus": {}
}