{
  "creatDate": "2020-07-02T01:48:33.574Z",
  "oworker": "demo@local",
  "massEvent": false,
  "market": "6d73d780-b9bc-11ea-9dfe-6317022c39aa",
  "dateEvent": "2020-08-29T01:48:00.000Z",
  "duration": "1 неделя",
  "selling": "a988e120-b778-11ea-9dfe-6317022c39aa",
  "description": "",
  "files": [],
  "task": null,
  "id": "30f57600-bc06-11ea-8abb-532f2e919751",
  "prevEvent": [],
  "nextEvent": [],
  "product": [],
  "organEvent": [],
  "personEvent": [],
  "_class": "saleEvent@crm-ru",
  "_classVer": "",
  "_creator": "demo@local",
  "_editor": "demo@local",
  "___workflowStatus": {}
}