{
  "name": "bda04610-bf5e-11ea-9840-1b1699e7135f",
  "description": "Универсальный рюкзак для походов и пешего туризма объемом 30 л от Jack Wolfskin.",
  "price": "11500 р",
  "struct": "Закуплено по 10300 р за штуку. Цена на продажу - 11500 р.",
  "quantity": "11",
  "doc": [],
  "id": "71cb0080-bffa-11ea-9840-1b1699e7135f",
  "_class": "saleProduct@crm-ru",
  "_classVer": "",
  "_creator": "demo@local",
  "___workflowStatus": {}
}