{
  "name": "8f1c6d10-bf5d-11ea-9840-1b1699e7135f",
  "description": "Комфортная двухместная туристическая палатка Outventure с увеличенным внутренним пространством и объемными тамбурами.",
  "price": "4500 р",
  "struct": "Закуплено по 3700 р за шт. Цена на продажу - 4500 р.",
  "quantity": "6",
  "doc": [],
  "id": "248b7570-bffa-11ea-9840-1b1699e7135f",
  "_class": "saleProduct@crm-ru",
  "_classVer": "",
  "_creator": "demo@local",
  "___workflowStatus": {}
}