{
  "dateCreate": "2020-07-08T02:15:38.377Z",
  "organiz": "b4628ae0-bf4f-11ea-9840-1b1699e7135f",
  "market": "191b0110-c0c2-11ea-9840-1b1699e7135f",
  "comment": "Рюкзак продан со скидкой 5%, т.к. клиент уже ранее совершал покупку.",
  "files": [],
  "id": "36042090-c0c2-11ea-9840-1b1699e7135f",
  "persons": [
    "c78c3e40-bf4f-11ea-9840-1b1699e7135f"
  ],
  "product": [
    "4ba495c0-c0c1-11ea-9840-1b1699e7135f"
  ],
  "_class": "selling@crm-ru",
  "_classVer": "",
  "_creator": "demo@local",
  "___workflowStatus": {}
}