{
  "dateCreate": "2020-07-08T02:11:00.854Z",
  "organiz": "b4628ae0-bf4f-11ea-9840-1b1699e7135f",
  "market": "c1c071e0-bffc-11ea-9840-1b1699e7135f",
  "comment": "Продано две палатки Outventure Teslin 2 в результате таргетированной рекламы в Instagram.",
  "files": [],
  "id": "df9a59f0-c0c0-11ea-9840-1b1699e7135f",
  "persons": [
    "c78c3e40-bf4f-11ea-9840-1b1699e7135f"
  ],
  "product": [
    "a270b290-c0c0-11ea-9840-1b1699e7135f"
  ],
  "_class": "selling@crm-ru",
  "_classVer": "",
  "_creator": "demo@local",
  "___workflowStatus": {}
}