{
  "organiz": "e7f51b40-bc05-11ea-8abb-532f2e919751",
  "market": "6d73d780-b9bc-11ea-9dfe-6317022c39aa",
  "system": "",
  "comment": "",
  "files": [],
  "id": "a988e120-b778-11ea-9dfe-6317022c39aa",
  "persons": [
    "adf67b70-bc0d-11ea-8abb-532f2e919751"
  ],
  "product": [
    "269b6c60-b778-11ea-9dfe-6317022c39aa",
    "c2722dd0-b779-11ea-9dfe-6317022c39aa"
  ],
  "_class": "selling@crm-ru",
  "_classVer": "",
  "_creator": "demo@local",
  "_editor": "demo@local",
  "___workflowStatus": {}
}