{
  "dateCreate": "2020-07-06T06:41:22.259Z",
  "dateСhange": "2020-07-08T02:49:37.979Z",
  "endTaskClassification": false,
  "needRefactoringScenario": false,
  "support": "1",
  "name": "Заказ товара",
  "taskClassification": null,
  "scenario": "<p>Приветствие по телефону: \"Магазин туристического инвентаря ООО \"Восток-Тур\", Василий, здравствуйте!\"</p>\n<p>При заказе товара:</p>\n<p>1) Записываем артикул товара&nbsp;</p>\n<p>2) Имя покупателя - в случае не личного обращения</p>\n<p>3) Номер телефона покупателя для подтверждения сбора заказа или доставки</p>\n<p>4) Оформляем гарантийный талон - при наличии</p>\n<p>5) Чек покупателю, копию - себе</p>\n<p>&nbsp;</p>\n<p>- Добрый день! Подскажите, есть в наличии лодка Пакрафт Тритон 230?</p>\n<p>- Да, на нее сейчас скидка 15%.</p>\n<p>- Отлично! Можно сделать заказ? Я завтра подъеду заберу.</p>\n<p>- Да, конечно! Можно Ваши имя и фамилию, пожалуйста.</p>\n<p>- Артем Корнеев.</p>\n<p>- И номер телефона на всякий случай.</p>\n<p>- 89886437272</p>\n<p>- Отлично, Артем, ваш заказ - лодка Пакрафт Тритон 230, к оплате будет 19125 р. Завтра ждем Вас.</p>\n<p>- Спасибо, после обеда подъеду!</p>\n<p>Хорошо, до свидания!</p>\n<p>До завтра!</p>\n<p>&nbsp;</p>",
  "todoScenario": "",
  "id": "a0d83230-bf55-11ea-9840-1b1699e7135f",
  "_class": "supportScenario@crm-ru",
  "_classVer": "",
  "_creator": "demo@local",
  "_editor": "demo@local",
  "___workflowStatus": {}
}