{
  "dateCreate": "2020-06-26T05:54:16.707Z",
  "dateСhange": "2020-06-26T05:54:16.707Z",
  "endTaskClassification": false,
  "needRefactoringScenario": false,
  "support": "1",
  "name": "Запись на прием",
  "taskClassification": null,
  "scenario": "<p>&nbsp;</p>\n<table width=\"100%\" cellspacing=\"0\" cellpadding=\"5\"><colgroup><col width=\"256*\" /> </colgroup>\n<tbody>\n<tr>\n<td style=\"border: 1px solid #000000; padding: 0.1cm;\" valign=\"top\" width=\"100%\">\n<p lang=\"ru-RU\" align=\"center\">&nbsp;</p>\n<p lang=\"ru-RU\" align=\"left\"><span style=\"font-size: small;\"><strong>1) Если есть свободное время для записи:</strong></span></p>\n<p lang=\"ru-RU\" align=\"left\"><span style=\"font-size: small;\">Добрый день. У нас есть свободное время на 15.20. Вам удобно в такое время прийти на прием?</span></p>\n<p lang=\"ru-RU\" align=\"left\"><span style=\"font-size: small;\"><strong>Если да, то:</strong></span></p>\n<p lang=\"ru-RU\" align=\"left\"><span style=\"font-size: small;\">Назовите ФИО и Номер СНИЛС</span></p>\n<p lang=\"ru-RU\" align=\"left\"><span style=\"font-size: small;\">Заполнить регистрационную карту, уточнить правилось заполнения данных у клиента. Вежливо попрощаться.</span></p>\n<p lang=\"ru-RU\" align=\"left\"><span style=\"font-size: small;\"><strong>Если нет, то:</strong></span></p>\n<p lang=\"ru-RU\" align=\"left\"><span style=\"font-size: small;\">Предложить другое время для записи.</span></p>\n<p lang=\"ru-RU\" align=\"left\"><span style=\"font-size: small;\"><strong>2) Если свободного времени нет для записи:</strong></span></p>\n<p lang=\"ru-RU\" align=\"left\"><span style=\"font-size: small;\">Добрый день. К сожалению запись на прием не возможна на ближайшею неделю, так нет свободного времени. Вам удобно записаться на следующею неделю?</span></p>\n<p lang=\"ru-RU\" align=\"left\"><span style=\"font-size: small;\"><strong>Если да, то:</strong></span></p>\n<p lang=\"ru-RU\" align=\"left\"><span style=\"font-size: small;\">Предлагаем свободное время, в случаи когда клиент выбирает подходящее время. Заполнить карточку регистрации. Вежливо попрощаться.</span></p>\n<p lang=\"ru-RU\" align=\"left\"><span style=\"font-size: small;\"><strong>Если нет, то:</strong></span></p>\n<p lang=\"ru-RU\" align=\"left\"><span style=\"font-size: small;\">Всего доброго, будем рады вам помочь</span></p>\n</td>\n</tr>\n</tbody>\n</table>\n<p>&nbsp;</p>",
  "todoScenario": "",
  "id": "b15ef800-b771-11ea-ba0e-1bf85ac807cb",
  "_class": "supportScenario@crm-ru",
  "_classVer": "",
  "_creator": "demo@local",
  "___workflowStatus": {}
}