{
  "dateCreate": "2020-06-26T07:04:09.331Z",
  "dateСhange": "2020-06-26T07:04:09.331Z",
  "endTaskClassification": false,
  "needRefactoringScenario": false,
  "support": null,
  "name": "Бронирование номера",
  "taskClassification": "39ff3b30-b77b-11ea-9dfe-6317022c39aa",
  "scenario": "<p style=\"margin-bottom: 0cm; line-height: 100%;\">&nbsp;</p>\n<p align=\"left\"><span style=\"font-family: Liberation Serif, serif;\"><span style=\"font-size: small;\"><span style=\"font-variant: normal;\"><span style=\"color: #000000;\"><span style=\"letter-spacing: normal;\"><span lang=\"ru-RU\"><span style=\"font-style: normal;\"><span style=\"font-weight: normal;\">Оператор</span></span></span></span></span></span><span style=\"font-variant: normal;\"><span style=\"color: #000000;\"><span style=\"letter-spacing: normal;\"><span style=\"font-style: normal;\"><span style=\"font-weight: normal;\">: Добро пожаловать в гостиницу &laquo;</span></span></span></span></span><span style=\"font-variant: normal;\"><span style=\"color: #000000;\"><span style=\"letter-spacing: normal;\"><span lang=\"ru-RU\"><span style=\"font-style: normal;\"><span style=\"font-weight: normal;\">Роял</span></span></span></span></span></span><span style=\"font-variant: normal;\"><span style=\"color: #000000;\"><span style=\"letter-spacing: normal;\"><span style=\"font-style: normal;\"><span style=\"font-weight: normal;\">&raquo;. Чем я могу Вам помочь?</span></span></span></span></span><br /><span style=\"font-variant: normal;\"><span style=\"color: #000000;\"><span style=\"letter-spacing: normal;\"><span style=\"font-style: normal;\"><span style=\"font-weight: normal;\">Клиент: Мы бы хотели заселиться. У нас с дочерью забронирован номер.</span></span></span></span></span><br /><span lang=\"ru-RU\">Оператор</span><span style=\"font-variant: normal;\"><span style=\"color: #000000;\"><span style=\"letter-spacing: normal;\"><span style=\"font-style: normal;\"><span style=\"font-weight: normal;\">: Как Вас зовут?</span></span></span></span></span><br /><span style=\"font-variant: normal;\"><span style=\"color: #000000;\"><span style=\"letter-spacing: normal;\"><span style=\"font-style: normal;\"><span style=\"font-weight: normal;\">Клиенты: Анна Иванова и Наталья Иванова.</span></span></span></span></span><br /><span lang=\"ru-RU\">Оператор</span><span style=\"font-variant: normal;\"><span style=\"color: #000000;\"><span style=\"letter-spacing: normal;\"><span style=\"font-style: normal;\"><span style=\"font-weight: normal;\">: Да, госпожа Иванова. Для Вас забронирован двухместный номер на 2 ночи, верно?</span></span></span></span></span><br /><span style=\"font-variant: normal;\"><span style=\"color: #000000;\"><span style=\"letter-spacing: normal;\"><span style=\"font-style: normal;\"><span style=\"font-weight: normal;\">Клиент: Да, все верно.</span></span></span></span></span><br /><span lang=\"ru-RU\">Оператор</span><span style=\"font-variant: normal;\"><span style=\"color: #000000;\"><span style=\"letter-spacing: normal;\"><span style=\"font-style: normal;\"><span style=\"font-weight: normal;\">: Пожалуйста, заполните регистрационную форму. Спасибо. Также нам необходимо увидеть документы, удостоверяющие Вашу личность и личность Вашей дочери.</span></span></span></span></span><br /><span style=\"font-variant: normal;\"><span style=\"color: #000000;\"><span style=\"letter-spacing: normal;\"><span style=\"font-style: normal;\"><span style=\"font-weight: normal;\">Клиент: Да, конечно.</span></span></span></span></span><br /><span lang=\"ru-RU\">Оператор</span><span style=\"font-variant: normal;\"><span style=\"color: #000000;\"><span style=\"letter-spacing: normal;\"><span style=\"font-style: normal;\"><span style=\"font-weight: normal;\">: Спасибо. Ваш номер 234. Приятного пребывания в гостинице &laquo;Контененталь&raquo;. Вам нужна помощь с багажом?</span></span></span></span></span><br /><span style=\"font-variant: normal;\"><span style=\"color: #000000;\"><span style=\"letter-spacing: normal;\"><span style=\"font-style: normal;\"><span style=\"font-weight: normal;\">Клиент: Нет, спасибо, у нас только один чемодан. Мы справимся сами.</span></span></span></span></span> </span></span></p>",
  "todoScenario": "",
  "id": "4f397f10-b77b-11ea-9dfe-6317022c39aa",
  "_class": "supportScenario@crm-ru",
  "_classVer": "",
  "_creator": "demo@local",
  "___workflowStatus": {}
}