{
  "dateCreate": "2020-06-26T05:59:07.842Z",
  "dateСhange": "2020-06-26T05:59:07.842Z",
  "endTaskClassification": false,
  "needRefactoringScenario": false,
  "support": "1",
  "name": "Установка виниров",
  "taskClassification": null,
  "scenario": "<p style=\"font-variant: normal; letter-spacing: normal;\" align=\"center\"><span style=\"display: inline-block; border: none; padding: 0cm;\"><span style=\"color: #000000;\">&mdash; <span style=\"font-family: Liberation Serif, serif;\"><span style=\"font-size: small;\"><span style=\"font-style: normal;\"><span style=\"font-weight: normal;\">Добрый день! Администратор Елена, чем могу вам помочь?</span></span></span></span></span></span></p>\n<p style=\"margin-bottom: 0cm; border: none; padding: 0cm; font-variant: normal; letter-spacing: normal; orphans: 2; widows: 2; background: #ffffff;\"><span style=\"display: inline-block; border: none; padding: 0cm;\"><span style=\"color: #000000;\">&mdash; <span style=\"font-family: Liberation Serif, serif;\"><span style=\"font-size: small;\"><span style=\"font-style: normal;\"><span style=\"font-weight: normal;\">Здравствуйте! Скажите, а сколько у вас стоит виниры поставить?</span></span></span></span></span></span></p>\n<p style=\"margin-bottom: 0cm; border: none; padding: 0cm; font-variant: normal; letter-spacing: normal; orphans: 2; widows: 2; background: #ffffff;\"><span style=\"display: inline-block; border: none; padding: 0cm;\"><span style=\"color: #000000;\">&mdash; <span style=\"font-family: Liberation Serif, serif;\"><span style=\"font-size: small;\"><span style=\"font-style: normal;\"><span style=\"font-weight: normal;\">По стоимости сейчас вас сориентирую, позвольте задать несколько вопросов. Скажите, а нарушение прикуса есть у вас? В принципе прикус: открытый, закрытый, прямой?</span></span></span></span></span></span></p>\n<p style=\"margin-bottom: 0cm; border: none; padding: 0cm; font-variant: normal; letter-spacing: normal; orphans: 2; widows: 2; background: #ffffff;\"><span style=\"display: inline-block; border: none; padding: 0cm;\"><span style=\"color: #000000;\">&mdash; <span style=\"font-family: Liberation Serif, serif;\"><span style=\"font-size: small;\"><span style=\"font-style: normal;\"><span style=\"font-weight: normal;\">Ээээ, что? &ndash; удивляется пациент.</span></span></span></span></span></span></p>\n<p style=\"margin-bottom: 0cm; border: none; padding: 0cm; font-variant: normal; letter-spacing: normal; orphans: 2; widows: 2; background: #ffffff;\"><span style=\"display: inline-block; border: none; padding: 0cm;\"><span style=\"color: #000000;\">&mdash; <span style=\"font-family: Liberation Serif, serif;\"><span style=\"font-size: small;\"><span style=\"font-style: normal;\"><span style=\"font-weight: normal;\">Диастемы есть? Гипертонус жевательных мышц имеется?</span></span></span></span></span></span></p>\n<p style=\"margin-bottom: 0cm; border: none; padding: 0cm; font-variant: normal; letter-spacing: normal; orphans: 2; widows: 2; background: #ffffff;\"><span style=\"display: inline-block; border: none; padding: 0cm;\"><span style=\"color: #000000;\">&mdash; <span style=\"font-family: Liberation Serif, serif;\"><span style=\"font-size: small;\"><span style=\"font-style: normal;\"><span style=\"font-weight: normal;\">Какой гипертонус? Вчера на консультации в клинике мне нечего об этом не говорили</span></span></span></span></span></span></p>\n<p style=\"margin-bottom: 0cm; border: none; padding: 0cm; font-variant: normal; letter-spacing: normal; orphans: 2; widows: 2; background: #ffffff;\"><span style=\"display: inline-block; border: none; padding: 0cm;\"><span style=\"color: #000000;\">&mdash; <span style=\"font-family: Liberation Serif, serif;\"><span style=\"font-size: small;\"><span style=\"font-style: normal;\"><span style=\"font-weight: normal;\">Вы что, это ж принципиально важно! У вас же потом все виниры сколятся, если так их установить &ndash; продолжает администратор</span></span></span></span></span></span></p>\n<p style=\"margin-bottom: 0cm; border: none; padding: 0cm; font-variant: normal; letter-spacing: normal; orphans: 2; widows: 2; background: #ffffff;\"><span style=\"display: inline-block; border: none; padding: 0cm;\"><span style=\"color: #000000;\">&mdash; <span style=\"font-family: Liberation Serif, serif;\"><span style=\"font-size: small;\"><span style=\"font-style: normal;\"><span style=\"font-weight: normal;\">Да? А мне ничего про это не говорили</span></span></span></span></span></span></p>\n<p style=\"margin-bottom: 0cm; border: none; padding: 0cm; font-variant: normal; letter-spacing: normal; orphans: 2; widows: 2; background: #ffffff;\"><span style=\"display: inline-block; border: none; padding: 0cm;\"><span style=\"color: #000000;\">&mdash; <span style=\"font-family: Liberation Serif, serif;\"><span style=\"font-size: small;\"><span style=\"font-style: normal;\"><span style=\"font-weight: normal;\">А с суставом как у вас дела? Хрустит, нет?</span></span></span></span></span></span></p>\n<p style=\"margin-bottom: 0cm; border: none; padding: 0cm; font-variant: normal; letter-spacing: normal; orphans: 2; widows: 2; background: #ffffff;\"><span style=\"display: inline-block; border: none; padding: 0cm;\"><span style=\"color: #000000;\">&mdash; <span style=\"font-family: Liberation Serif, serif;\"><span style=\"font-size: small;\"><span style=\"font-style: normal;\"><span style=\"font-weight: normal;\">Не знаю. На консультации мне просто показали, как выглядят виниры и назвали стоимость.</span></span></span></span></span></span></p>\n<p style=\"margin-bottom: 0cm; border: none; padding: 0cm; font-variant: normal; letter-spacing: normal; orphans: 2; widows: 2; background: #ffffff;\"><span style=\"display: inline-block; border: none; padding: 0cm;\"><span style=\"color: #000000;\">&mdash; <span style=\"font-family: Liberation Serif, serif;\"><span style=\"font-size: small;\"><span style=\"font-style: normal;\"><span style=\"font-weight: normal;\">А как же вы обзваниваете клиники, узнаете стоимость, но не знаете эти принципиальные моменты? Может вам и виниры то ставить противопоказано.</span></span></span></span></span></span></p>\n<p style=\"margin-bottom: 0cm; border: none; padding: 0cm; font-variant: normal; letter-spacing: normal; orphans: 2; widows: 2; background: #ffffff;\"><span style=\"display: inline-block; border: none; padding: 0cm;\"><span style=\"color: #000000;\">&mdash; <span style=\"font-family: Liberation Serif, serif;\"><span style=\"font-size: small;\"><span style=\"font-style: normal;\"><span style=\"font-weight: normal;\">А что такое бывает? Меня не предупреждали &ndash; расстраивается пациент.</span></span></span></span></span></span></p>\n<p style=\"margin-bottom: 0cm; border: none; padding: 0cm; font-variant: normal; letter-spacing: normal; orphans: 2; widows: 2; background: #ffffff;\"><span style=\"display: inline-block; border: none; padding: 0cm;\"><span style=\"color: #000000;\">&mdash; <span style=\"font-family: Liberation Serif, serif;\"><span style=\"font-size: small;\"><span style=\"font-style: normal;\"><span style=\"font-weight: normal;\">Сергей, я предлагаю сделать так: давайте запишу вас на консультацию на нашему ортопеду Николаю Ивановичу Лукьянову &mdash; сильный специалист, кандидат наук. Он сделает диагностику, все тщательно проверит и как минимум будете понимать, можно ли вам в принципе виниры ставить. Дальше уже будете решать по ситуации. Хотите у него же их ставьте. Хотите дальше клиники прозванивайте. Что скажете?</span></span></span></span></span></span></p>\n<p style=\"margin-bottom: 0cm; border: none; padding: 0cm; font-variant: normal; letter-spacing: normal; orphans: 2; widows: 2; background: #ffffff;\"><span style=\"display: inline-block; border: none; padding: 0cm;\"><span style=\"color: #000000;\">&mdash; <span style=\"font-family: Liberation Serif, serif;\"><span style=\"font-size: small;\"><span style=\"font-style: normal;\"><span style=\"font-weight: normal;\">Да, пожалуй запишите. Пусть проверит!</span></span></span></span></span></span></p>",
  "todoScenario": "",
  "id": "4213f3a0-b772-11ea-ba0e-1bf85ac807cb",
  "_class": "supportScenario@crm-ru",
  "_classVer": "",
  "_creator": "demo@local",
  "___workflowStatus": {}
}