{
  "dateCreate": "2020-07-06T06:20:40.616Z",
  "dateСhange": "2020-07-08T02:38:48.231Z",
  "endTaskClassification": false,
  "needRefactoringScenario": false,
  "support": "1",
  "name": "Консультация по товару",
  "taskClassification": null,
  "scenario": "<p>Приветствие: \"Магазин туристических товаров \"Восток-ТУР\", Василий, здравствуйте!\"</p>\n<p>Внимание! Всегда иметь перед глазами каталог.</p>\n<p>Помним: вежливость, внимательность к клиенту! Если товара нет, то не говорим просто \"нет\", предлагаем идентичные варианты.</p>\n<p>- Здравствуйте! Меня интересует палатка Outventure Dome-3, подскажите, какая у нее водонепроницаемость?</p>\n<p>- Секундочку, уточню!... 3000 мм в.ст.</p>\n<p>- Отлично, а тент же есть?</p>\n<p>- Да, эта модель идет с тентом и есть вентиляционное окошко.</p>\n<p>- Отлично! Спасибо, я подумаю и перезвоню!</p>\n<p>- Хорошо, до свидания!</p>\n<p>&nbsp;</p>",
  "todoScenario": "",
  "id": "94b6f330-bf53-11ea-9840-1b1699e7135f",
  "_class": "supportScenario@crm-ru",
  "_classVer": "",
  "_creator": "demo@local",
  "_editor": "demo@local",
  "___workflowStatus": {}
}