{
  "dateCreate": "2020-06-26T05:56:49.830Z",
  "dateСhange": "2020-06-26T05:56:49.830Z",
  "endTaskClassification": false,
  "needRefactoringScenario": false,
  "support": "1",
  "name": "Установка имплантанта",
  "taskClassification": null,
  "scenario": "<p>&nbsp;</p>\n<p style=\"font-variant: normal; letter-spacing: normal;\" align=\"center\">&nbsp;</p>\n<p style=\"margin-bottom: 0cm; border: none; padding: 0cm; font-variant: normal; letter-spacing: normal; orphans: 2; widows: 2; background: #ffffff;\"><span style=\"display: inline-block; border: none; padding: 0cm;\"><span style=\"text-align: -webkit-center;\">&mdash;&nbsp;</span><span style=\"text-align: -webkit-center; font-family: Liberation Serif, serif;\"><span style=\"font-size: 10pt;\">Добрый день! Администратор Надежда, чем могу вам помочь?</span></span></span></p>\n<p style=\"margin-bottom: 0cm; border: none; padding: 0cm; font-variant: normal; letter-spacing: normal; orphans: 2; widows: 2; background: #ffffff;\"><span style=\"display: inline-block; border: none; padding: 0cm;\"><span style=\"color: #000000;\">&mdash; <span style=\"font-family: Liberation Serif, serif;\"><span style=\"font-size: small;\"><span style=\"font-style: normal;\"><span style=\"font-weight: normal;\">Здравствуйте! Девушка скажите, а сколько у вас стоит имплантация зуба?</span></span></span></span></span></span></p>\n<p style=\"margin-bottom: 0cm; border: none; padding: 0cm; font-variant: normal; letter-spacing: normal; orphans: 2; widows: 2; background: #ffffff;\"><span style=\"display: inline-block; border: none; padding: 0cm;\"><span style=\"color: #000000;\">&mdash; <span style=\"font-family: Liberation Serif, serif;\"><span style=\"font-size: small;\"><span style=\"font-style: normal;\"><span style=\"font-weight: normal;\">По стоимости сейчас вас сориентирую. Скажите пожалуйста, а кости хватит у вас или нужна подсадка?</span></span></span></span></span></span></p>\n<p style=\"margin-bottom: 0cm; border: none; padding: 0cm; font-variant: normal; letter-spacing: normal; orphans: 2; widows: 2; background: #ffffff;\"><span style=\"display: inline-block; border: none; padding: 0cm;\"><span style=\"color: #000000;\">&mdash; <span style=\"font-family: Liberation Serif, serif;\"><span style=\"font-size: small;\"><span style=\"font-style: normal;\"><span style=\"font-weight: normal;\">Ээээ, какой еще кости? &ndash; удивляется пациент.</span></span></span></span></span></span></p>\n<p style=\"margin-bottom: 0cm; border: none; padding: 0cm; font-variant: normal; letter-spacing: normal; orphans: 2; widows: 2; background: #ffffff;\"><span style=\"display: inline-block; border: none; padding: 0cm;\"><span style=\"color: #000000;\">&mdash; <span style=\"font-family: Liberation Serif, serif;\"><span style=\"font-size: small;\"><span style=\"font-style: normal;\"><span style=\"font-weight: normal;\">Хорошо, спрошу по-другому, как происходит имплантация зубов вы в общих чертах знаете?</span></span></span></span></span></span></p>\n<p style=\"margin-bottom: 0cm; border: none; padding: 0cm; font-variant: normal; letter-spacing: normal; orphans: 2; widows: 2; background: #ffffff;\"><span style=\"display: inline-block; border: none; padding: 0cm;\"><span style=\"color: #000000;\">&mdash; <span style=\"font-family: Liberation Serif, serif;\"><span style=\"font-size: small;\"><span style=\"font-style: normal;\"><span style=\"font-weight: normal;\">Нет, я вчера только узнал, что такое сейчас в принципе возможно. Звоню узнать, прицениться &ndash; отвечает пациент.</span></span></span></span></span></span></p>\n<p style=\"margin-bottom: 0cm; border: none; padding: 0cm; font-variant: normal; letter-spacing: normal; orphans: 2; widows: 2; background: #ffffff;\"><span style=\"display: inline-block; border: none; padding: 0cm;\"><span style=\"color: #000000;\">&mdash; <span style=\"font-family: Liberation Serif, serif;\"><span style=\"font-size: small;\"><span style=\"font-style: normal;\"><span style=\"font-weight: normal;\">Поняла вас. Дело в том, что стоимость имплантации</span></span></span></span></span></span></p>\n<p style=\"margin-bottom: 0cm; border: none; padding: 0cm; font-variant: normal; letter-spacing: normal; line-height: 100%; orphans: 2; widows: 2; background: #ffffff;\"><span style=\"display: inline-block; border: none; padding: 0cm;\"><span style=\"font-family: Liberation Serif, serif;\"><span style=\"font-size: small;\"><span style=\"color: #000000;\"><span style=\"font-style: normal;\"><span style=\"font-weight: normal;\">зависит от исходной ситуации. Если например подсадка кости не требуется это одна цена, если требуется, то другая. Есть еще ряд нюансов из-за которых цена может меняться. Вы сейчас у меня цену спрашиваете, но я не понимаю вашу ситуацию. В результате может получиться так, что я вам скажу одну цену, а на перед началом лечения доктор озвучит вам другую. Вы подумаете, что я вас обманула. Кстати, скажите пожалуйста, есть ли смещение зубов в данной челюсти?</span></span></span></span></span></span></p>\n<p style=\"margin-bottom: 0cm; border: none; padding: 0cm; font-variant: normal; letter-spacing: normal; orphans: 2; widows: 2; background: #ffffff;\"><span style=\"display: inline-block; border: none; padding: 0cm;\"><span style=\"color: #000000;\">&mdash; <span style=\"font-family: Liberation Serif, serif;\"><span style=\"font-size: small;\"><span style=\"font-style: normal;\"><span style=\"font-weight: normal;\">Не знаю. Вроде нет&hellip;</span></span></span></span></span></span></p>\n<p style=\"margin-bottom: 0cm; border: none; padding: 0cm; font-variant: normal; letter-spacing: normal; orphans: 2; widows: 2; background: #ffffff;\"><span style=\"display: inline-block; border: none; padding: 0cm;\"><span style=\"color: #000000;\">&mdash; <span style=\"font-family: Liberation Serif, serif;\"><span style=\"font-size: small;\"><span style=\"font-style: normal;\"><span style=\"font-weight: normal;\">А с сосудами как у вас дела обстоят? Вы курите? &ndash; продолжает администратор.</span></span></span></span></span></span></p>\n<p style=\"margin-bottom: 0cm; border: none; padding: 0cm; font-variant: normal; letter-spacing: normal; orphans: 2; widows: 2; background: #ffffff;\"><span style=\"display: inline-block; border: none; padding: 0cm;\"><span style=\"color: #000000;\">&mdash; <span style=\"font-family: Liberation Serif, serif;\"><span style=\"font-size: small;\"><span style=\"font-style: normal;\"><span style=\"font-weight: normal;\">Курю&hellip; &mdash; отвечает озадаченный пациент.</span></span></span></span></span></span></p>\n<p style=\"margin-bottom: 0cm; border: none; padding: 0cm; font-variant: normal; letter-spacing: normal; orphans: 2; widows: 2; background: #ffffff;\"><span style=\"display: inline-block; border: none; padding: 0cm;\"><span style=\"color: #000000;\">&mdash; <span style=\"font-family: Liberation Serif, serif;\"><span style=\"font-size: small;\"><span style=\"font-style: normal;\"><span style=\"font-weight: normal;\">Я вас поняла. Виктор, я предлагаю сделать так: давайте запишу вас на консультацию на нашему доктору Евгению Олеговичу Нестеренко &mdash; сильный имплантолог, проходил стажировку в Германии. Он сделает диагностику, все тщательно проверит, расскажет о показаниях или противопоказаниях, которые относятся конкретно к вам. Подходит ли вам в принципе этот вариант. И дальше уже пойдете домой, принимать взвешенное решение. Эта консультация ни к чему не обязывает. Вы не должны будете сразу же оставаться на лечение. Что скажете?</span></span></span></span></span></span></p>\n<p style=\"margin-bottom: 0cm; border: none; padding: 0cm; font-variant: normal; letter-spacing: normal; orphans: 2; widows: 2; background: #ffffff;\"><span style=\"display: inline-block; border: none; padding: 0cm;\"><span style=\"color: #000000;\">&mdash; <span style=\"font-family: Liberation Serif, serif;\"><span style=\"font-size: small;\"><span style=\"font-style: normal;\"><span style=\"font-weight: normal;\">Запишите. Видимо без осмотра не обойтись &ndash; соглашается пациент.</span></span></span></span></span></span></p>\n<p style=\"margin-bottom: 0cm; border: none; padding: 0cm; font-variant: normal; letter-spacing: normal; font-style: normal; font-weight: normal; orphans: 2; widows: 2; background: #ffffff;\"><span style=\"display: inline-block; border: none; padding: 0cm;\"><span style=\"font-family: Liberation Serif, serif;\"><span style=\"font-size: small;\"><span style=\"color: #000000;\">Если же пациент продолжает сопротивляться и говорит, что уже был на консультации и эту услугу ему делать можно. Скрипт администратора в этом случае может быть таким:</span></span></span></span></p>\n<p style=\"margin-bottom: 0cm; border: none; padding: 0cm; font-variant: normal; letter-spacing: normal; font-style: normal; font-weight: normal; orphans: 2; widows: 2; background: #ffffff;\"><span style=\"display: inline-block; border: none; padding: 0cm;\"><span style=\"font-family: Liberation Serif, serif;\"><span style=\"font-size: small;\"><span style=\"color: #000000;\">Я рекомендую вам подробно разобраться в этом вопросе. Чтобы вы для себя понимали основные, принципиальные вещи и приняли взвешенное решение. Потом об этом думать поздно, когда винир сломается или имплантат отторгнется. Вы слышали выражение сколько людей, столько и мнений? Так вот, всегда же хорошо, когда вы видите ситуацию с разных сторон или знаете мнение разных специалистов. Тем более, посещение клиники ни к чему не обязывает. Узнаете мнение нашего доктора и сравните с тем, где вы уже были. Здесь главное не торопиться&hellip; Это же на всю жизнь. Диагностику проведем и отправим вас домой думать</span></span></span></span></p>\n<p>&nbsp;</p>\n<p>&nbsp;</p>",
  "todoScenario": "",
  "id": "24409b30-b772-11ea-ba0e-1bf85ac807cb",
  "_class": "supportScenario@crm-ru",
  "_classVer": "",
  "_creator": "demo@local",
  "___workflowStatus": {}
}