{
  "dateCreate": "2020-06-26T06:58:58.026Z",
  "dateСhange": "2020-06-26T07:03:00.557Z",
  "endTaskClassification": false,
  "needRefactoringScenario": false,
  "support": null,
  "name": "Продажа",
  "taskClassification": "7e7659c0-b77a-11ea-9dfe-6317022c39aa",
  "scenario": "<table width=\"100%\" cellspacing=\"0\" cellpadding=\"5\"><colgroup><col width=\"256*\" /> </colgroup>\n<tbody>\n<tr>\n<td style=\"border: 1px solid #000000; padding: 0.1cm;\" valign=\"top\" width=\"100%\">\n<p align=\"left\"><em><br />&ndash; Добрый день, компания такая-то, зовут так-то. Как я могу к вам обращаться?</em><br />Клиент даёт своё имя, убеждаемся, что это именно то лицо, принимающее решения, которое нам нужно.</p>\n<p align=\"left\"><br /><em>&ndash; Вы пользуетесь тем-то и тем-то?</em><br />Делаем переход:<br /><em>&ndash; Если вы пользуетесь этим, то у вас возникает такая-то потребность (например, в восполнении товара или в обслуживании).</em></p>\n<p align=\"left\">&nbsp;</p>\n<p align=\"left\"><strong><strong>Цель звонка. </strong></strong>Кратко обозначаем предложение, используя следующие рычаги давления:</p>\n<p align=\"left\"><br />1) Акции <em>(Только ближайшие пару дней на наши услуги будет действовать скидка 50%)</em>.</p>\n<p align=\"left\"><br />2) Ссылка на слова клиента <em>(Ранее вы говорили, что у вас есть такая-то потребность, верно?).</em></p>\n<p align=\"left\">&nbsp;</p>\n<p align=\"left\"><strong><strong>Ответ на возражение. </strong></strong>Работа с возражениями в данном скрипте строится исключительно на аргументации, связанной с особенностями вашего продукта, а потому не может быть приведена. Пара общих ситуаций:<br /><em>&ndash; Нас всё устраивает.</em><br /><em>&ndash; Всё познаётся в сравнении.</em><br /><em>&ndash; Наши менеджеры и так работают хорошо.</em><br /><em>&ndash; Прекрасно, так пусть они работают с теми клиентами, которых мы приведём.</em></p>\n</td>\n</tr>\n</tbody>\n</table>",
  "todoScenario": "",
  "id": "8e42d860-b77a-11ea-9dfe-6317022c39aa",
  "_class": "supportScenario@crm-ru",
  "_classVer": "",
  "_creator": "demo@local",
  "_editor": "demo@local",
  "___workflowStatus": {}
}