{
  "dateCreate": "2020-06-26T06:59:44.208Z",
  "dateСhange": "2020-06-26T06:59:44.208Z",
  "endTaskClassification": false,
  "needRefactoringScenario": false,
  "support": null,
  "name": "После покупки",
  "taskClassification": "7e7659c0-b77a-11ea-9dfe-6317022c39aa",
  "scenario": "<table width=\"100%\" cellspacing=\"0\" cellpadding=\"5\"><colgroup><col width=\"256*\" /> </colgroup>\n<tbody>\n<tr>\n<td style=\"border: 1px solid #000000; padding: 0.1cm;\" valign=\"top\" width=\"100%\" height=\"513\">\n<h4 class=\"western\" align=\"left\"><strong><span style=\"font-variant: normal;\"><span style=\"color: #000000;\"><span style=\"font-family: inherit;\"><span style=\"font-size: small;\"><span style=\"letter-spacing: normal;\"><span style=\"font-style: normal;\"><span style=\"font-weight: normal;\">&laquo;Здравствуйте. Это интернет-магазин [имярек] по поводу вашего заказа [вид товара в заказе]. Вам удобно говорить?&raquo;</span></span></span></span></span></span></span></strong></h4>\n<h4 class=\"western\" style=\"margin-top: 0.25cm; orphans: 2; widows: 2;\"><strong><span style=\"font-variant: normal;\"><span style=\"color: #000000;\"><span style=\"font-family: inherit;\"><span style=\"font-size: small;\"><span style=\"letter-spacing: normal;\"><span style=\"font-style: normal;\"><span style=\"font-weight: normal;\">- &laquo;Как я могу к вам обращаться?&raquo;</span></span></span></span></span></span></span></strong></h4>\n<h4 class=\"western\" style=\"margin-top: 0.25cm; orphans: 2; widows: 2;\"><strong><span style=\"font-variant: normal;\"><span style=\"color: #000000;\"><span style=\"font-family: inherit;\"><span style=\"font-size: small;\"><span style=\"letter-spacing: normal;\"><span style=\"font-style: normal;\"><span style=\"font-weight: normal;\">- &laquo;[Имя клиента], очень приятно! А меня зовут [имя менеджера]. Спасибо за ваш заказ! Позвольте, я сейчас его перечитаю, чтобы убедиться, что мы все правильно получили?&raquo;.</span></span></span></span></span></span></span></strong></h4>\n<h4 class=\"western\" style=\"margin-top: 0.25cm; orphans: 2; widows: 2;\"><strong><span style=\"font-variant: normal;\"><span style=\"color: #000000;\"><span style=\"font-family: inherit;\"><span style=\"font-size: small;\"><span style=\"letter-spacing: normal;\"><span style=\"font-style: normal;\"><span style=\"font-weight: normal;\">- &laquo;Вы заказали [число позиций, их модели, доставка по адресу такому-то, оплата такая-то, общая стоимость такая-то]. Все верно,&nbsp;[имя клиента]</span></span></span></span></span></span></span></strong><span style=\"font-variant: normal;\"><span style=\"color: #000000;\"><span style=\"font-family: inherit;\"><span style=\"font-size: small;\"><span style=\"letter-spacing: normal;\"><span style=\"font-style: normal;\"><span style=\"font-weight: normal;\">?&raquo;</span></span></span></span></span></span></span></h4>\n<h4 class=\"western\" style=\"margin-top: 0.25cm; orphans: 2; widows: 2;\"><strong><span style=\"font-variant: normal;\"><span style=\"color: #000000;\"><span style=\"font-family: inherit;\"><span style=\"font-size: small;\"><span style=\"letter-spacing: normal;\"><span style=\"font-style: normal;\"><span style=\"font-weight: normal;\">- &laquo;Мы можем осуществить отправку (доставку) этих товаров [тогда-то].&nbsp;[Имя клиента], вас устраивает такое время? (Какое время вас больше устроит?)&raquo;</span></span></span></span></span></span></span></strong></h4>\n<h4 class=\"western\" style=\"margin-top: 0.25cm; orphans: 2; widows: 2;\"><strong><span style=\"font-variant: normal;\"><span style=\"color: #000000;\"><span style=\"font-family: inherit;\"><span style=\"font-size: small;\"><span style=\"letter-spacing: normal;\"><span style=\"font-style: normal;\"><span style=\"font-weight: normal;\">- &laquo;Тогда все отлично. Я прямо сейчас высылаю вам реквизиты для оплаты на электронную почту.&nbsp;Если что, звоните по этому номеру; меня зовут, напомню,&nbsp;[имя менеджера].&nbsp;И хорошего вам дня,&nbsp;[имя клиента]! Побед и удач!&raquo;</span></span></span></span></span></span></span></strong></h4>\n<p align=\"left\">&nbsp;</p>\n</td>\n</tr>\n</tbody>\n</table>",
  "todoScenario": "",
  "id": "d4cd2a10-b77a-11ea-9dfe-6317022c39aa",
  "_class": "supportScenario@crm-ru",
  "_classVer": "",
  "_creator": "demo@local",
  "___workflowStatus": {}
}