{
  "dateCreate": "2020-06-26T06:02:38.805Z",
  "dateСhange": "2020-06-26T06:02:38.805Z",
  "endTaskClassification": false,
  "needRefactoringScenario": false,
  "support": "2",
  "name": "Бронирование кальяна",
  "taskClassification": null,
  "scenario": "<table width=\"100%\" cellspacing=\"0\" cellpadding=\"5\"><colgroup><col width=\"256*\" /> </colgroup>\n<tbody>\n<tr>\n<td style=\"border: 1px solid #000000; padding: 0.1cm;\" valign=\"top\" width=\"100%\">\n<p align=\"left\"><strong><span style=\"font-variant: normal;\"><span style=\"color: #383838;\"><span style=\"letter-spacing: normal;\">&mdash; </span></span></span></strong><strong><span style=\"font-variant: normal;\"><span style=\"color: #383838;\"><span style=\"font-family: Open Sans, Helvetica, Arial, sans-serif;\"><span style=\"font-size: small;\"><span style=\"letter-spacing: normal;\"><span style=\"font-style: normal;\"><span style=\"font-weight: normal;\">Добрый день! Ресторан </span></span></span></span></span></span></span></strong><strong><span style=\"font-variant: normal;\"><span style=\"color: #383838;\"><span style=\"font-family: Open Sans, Helvetica, Arial, sans-serif;\"><span style=\"font-size: small;\"><span style=\"letter-spacing: normal;\"><span style=\"font-style: normal;\"><span style=\"font-weight: normal;\">X.O</span></span></span></span></span></span></span></strong><strong><span style=\"font-variant: normal;\"><span style=\"color: #383838;\"><span style=\"font-family: Open Sans, Helvetica, Arial, sans-serif;\"><span style=\"font-size: small;\"><span style=\"letter-spacing: normal;\"><span style=\"font-style: normal;\"><span style=\"font-weight: normal;\">. Меня зовут Галия. Чем могу помочь?<br /></span></span></span></span></span></span></span></strong><span style=\"font-variant: normal;\"><span style=\"color: #383838;\"><span style=\"letter-spacing: normal;\">&mdash; </span></span></span><span style=\"font-variant: normal;\"><span style=\"color: #383838;\"><span style=\"font-family: Open Sans, Helvetica, Arial, sans-serif;\"><span style=\"font-size: small;\"><span style=\"letter-spacing: normal;\"><span style=\"font-style: normal;\"><span style=\"font-weight: normal;\">У вас есть кальян? Сколько он стоит?</span></span></span></span></span></span></span><br /><strong><span style=\"font-variant: normal;\"><span style=\"color: #383838;\"><span style=\"letter-spacing: normal;\">&mdash; </span></span></span></strong><strong><span style=\"font-variant: normal;\"><span style=\"color: #383838;\"><span style=\"font-family: Open Sans, Helvetica, Arial, sans-serif;\"><span style=\"font-size: small;\"><span style=\"letter-spacing: normal;\"><span style=\"font-style: normal;\"><span style=\"font-weight: normal;\">Прошу прощения, как вас зовут?<br /></span></span></span></span></span></span></span></strong><span style=\"font-variant: normal;\"><span style=\"color: #383838;\"><span style=\"letter-spacing: normal;\">&mdash; </span></span></span><span style=\"font-variant: normal;\"><span style=\"color: #383838;\"><span style=\"font-family: Open Sans, Helvetica, Arial, sans-serif;\"><span style=\"font-size: small;\"><span style=\"letter-spacing: normal;\"><span style=\"font-style: normal;\"><span style=\"font-weight: normal;\">Серик</span></span></span></span></span></span></span><br /><strong><span style=\"font-variant: normal;\"><span style=\"color: #383838;\"><span style=\"letter-spacing: normal;\">&mdash; </span></span></span></strong><strong><span style=\"font-variant: normal;\"><span style=\"color: #383838;\"><span style=\"font-family: Open Sans, Helvetica, Arial, sans-serif;\"><span style=\"font-size: small;\"><span style=\"letter-spacing: normal;\"><span style=\"font-style: normal;\"><span style=\"font-weight: normal;\">Серик, у нас есть кальян, 15 наименований, стоимость от 3&nbsp;500 тенге до 4500</span></span></span></span></span></span></span></strong><strong> рублей </strong><strong><span style=\"font-variant: normal;\"><span style=\"color: #383838;\"><span style=\"font-family: Open Sans, Helvetica, Arial, sans-serif;\"><span style=\"font-size: small;\"><span style=\"letter-spacing: normal;\"><span style=\"font-style: normal;\"><span style=\"font-weight: normal;\">в зависимости от размера. Вы на сколько человек планировали посидеть?<br /></span></span></span></span></span></span></span></strong><span style=\"font-variant: normal;\"><span style=\"color: #383838;\"><span style=\"letter-spacing: normal;\">&mdash; </span></span></span><span style=\"font-variant: normal;\"><span style=\"color: #383838;\"><span style=\"font-family: Open Sans, Helvetica, Arial, sans-serif;\"><span style=\"font-size: small;\"><span style=\"letter-spacing: normal;\"><span style=\"font-style: normal;\"><span style=\"font-weight: normal;\">4 человека</span></span></span></span></span></span></span><strong><span style=\"font-variant: normal;\"><span style=\"color: #383838;\"><span style=\"font-family: Open Sans, Helvetica, Arial, sans-serif;\"><span style=\"font-size: small;\"><span style=\"letter-spacing: normal;\"><span style=\"font-style: normal;\"><span style=\"font-weight: normal;\"><br />&mdash; Да, у нас как раз есть кальян с большой чашкой. Кальян у нас подается на летней площадке на крыше заведения. Я могу выслать вам карту проезда/кальянное меню сообщением или&nbsp;whatsapp. Пожалуйста, дайте ваш телефон</span></span></span></span></span></span></span></strong></p>\n</td>\n</tr>\n</tbody>\n</table>",
  "todoScenario": "",
  "id": "b58a5cc0-b772-11ea-ba0e-1bf85ac807cb",
  "_class": "supportScenario@crm-ru",
  "_classVer": "",
  "_creator": "demo@local",
  "___workflowStatus": {}
}