{
  "dateCreate": "2020-06-26T06:03:10.569Z",
  "dateСhange": "2020-06-26T06:03:10.569Z",
  "endTaskClassification": false,
  "needRefactoringScenario": false,
  "support": "2",
  "name": "Доставка пиццы",
  "taskClassification": null,
  "scenario": "<table width=\"100%\" cellspacing=\"0\" cellpadding=\"5\"><colgroup><col width=\"256*\" /> </colgroup>\n<tbody>\n<tr>\n<td style=\"border: 1px solid #000000; padding: 0.1cm;\" valign=\"top\" width=\"100%\">\n<p style=\"font-variant: normal; letter-spacing: normal; font-style: normal; font-weight: normal;\" align=\"center\"><span style=\"color: #000000;\"><span style=\"font-family: Liberation Serif, serif;\"><span style=\"font-size: small;\">Оператор: Добрый день, <span lang=\"ru-RU\">Ресторан Х.О</span>.</span></span></span></p>\n<p style=\"margin-bottom: 0cm; border: none; padding: 0cm; font-variant: normal; letter-spacing: normal; font-style: normal; font-weight: normal; orphans: 2; widows: 2;\"><span style=\"color: #000000;\"><span style=\"font-family: Liberation Serif, serif;\"><span style=\"font-size: small;\">Клиент: Добрый день.</span></span></span></p>\n<p style=\"margin-bottom: 0cm; border: none; padding: 0cm; font-variant: normal; letter-spacing: normal; font-style: normal; font-weight: normal; orphans: 2; widows: 2;\"><span style=\"color: #000000;\"><span style=\"font-family: Liberation Serif, serif;\"><span style=\"font-size: small;\">Оператор: Мы получили ваш заказ. Вы заказали [перечень заказа], все правильно?</span></span></span></p>\n<p style=\"margin-bottom: 0cm; border: none; padding: 0cm; font-variant: normal; letter-spacing: normal; font-style: normal; font-weight: normal; orphans: 2; widows: 2;\"><span style=\"color: #000000;\"><span style=\"font-family: Liberation Serif, serif;\"><span style=\"font-size: small;\">Клиент: да</span></span></span></p>\n<p style=\"margin-bottom: 0cm; border: none; padding: 0cm; font-variant: normal; letter-spacing: normal; font-style: normal; font-weight: normal; orphans: 2; widows: 2;\"><span style=\"color: #000000;\"><span style=\"font-family: Liberation Serif, serif;\"><span style=\"font-size: small;\">Оператор: Доставить по адресу [адрес клиента], оплата кредитной картор?</span></span></span></p>\n<p style=\"margin-bottom: 0cm; border: none; padding: 0cm; font-variant: normal; letter-spacing: normal; font-style: normal; font-weight: normal; orphans: 2; widows: 2;\"><span style=\"color: #000000;\"><span style=\"font-family: Liberation Serif, serif;\"><span style=\"font-size: small;\">Клиент: да, все верно</span></span></span></p>\n<p style=\"margin-bottom: 0cm; border: none; padding: 0cm; font-variant: normal; letter-spacing: normal; font-style: normal; font-weight: normal; orphans: 2; widows: 2;\"><span style=\"color: #000000;\"><span style=\"font-family: Liberation Serif, serif;\"><span style=\"font-size: small;\">Оператор: вы в заказ не добавили напиток, хотите мы вам привезем большую колу (это всего <span lang=\"ru-RU\">600</span> <span lang=\"ru-RU\">рублей</span>)?</span></span></span></p>\n<p style=\"margin-bottom: 0cm; border: none; padding: 0cm; font-variant: normal; letter-spacing: normal; font-style: normal; font-weight: normal; orphans: 2; widows: 2;\"><span style=\"color: #000000;\"><span style=\"font-family: Liberation Serif, serif;\"><span style=\"font-size: small;\">Клиент: да, давайте</span></span></span></p>\n<p align=\"center\">&nbsp;</p>\n</td>\n</tr>\n</tbody>\n</table>",
  "todoScenario": "",
  "id": "d25b1240-b772-11ea-ba0e-1bf85ac807cb",
  "_class": "supportScenario@crm-ru",
  "_classVer": "",
  "_creator": "demo@local",
  "___workflowStatus": {}
}