{
  "dateCreate": "2020-06-26T06:02:00.499Z",
  "dateСhange": "2020-06-26T06:02:00.499Z",
  "endTaskClassification": false,
  "needRefactoringScenario": false,
  "support": "2",
  "name": "Организация банкета",
  "taskClassification": null,
  "scenario": "<table width=\"100%\" cellspacing=\"0\" cellpadding=\"5\"><colgroup><col width=\"256*\" /> </colgroup>\n<tbody>\n<tr>\n<td style=\"border: 1px solid #000000; padding: 0.1cm;\" valign=\"top\" width=\"100%\">\n<p align=\"left\"><strong><span style=\"font-variant: normal;\"><span style=\"color: #383838;\"><span style=\"letter-spacing: normal;\">&mdash; </span></span></span></strong><strong><span style=\"font-variant: normal;\"><span style=\"color: #383838;\"><span style=\"font-family: Open Sans, Helvetica, Arial, sans-serif;\"><span style=\"font-size: small;\"><span style=\"letter-spacing: normal;\"><span style=\"font-style: normal;\"><span style=\"font-weight: normal;\">Добрый день! Ресторан </span></span></span></span></span></span></span></strong><strong><span style=\"font-variant: normal;\"><span style=\"color: #383838;\"><span style=\"font-family: Open Sans, Helvetica, Arial, sans-serif;\"><span style=\"font-size: small;\"><span style=\"letter-spacing: normal;\"><span style=\"font-style: normal;\"><span style=\"font-weight: normal;\">X.O</span></span></span></span></span></span></span></strong><strong><span style=\"font-variant: normal;\"><span style=\"color: #383838;\"><span style=\"font-family: Open Sans, Helvetica, Arial, sans-serif;\"><span style=\"font-size: small;\"><span style=\"letter-spacing: normal;\"><span style=\"font-style: normal;\"><span style=\"font-weight: normal;\">. Меня зовут Галия. Чем могу помочь?<br /></span></span></span></span></span></span></span></strong><span style=\"font-variant: normal;\"><span style=\"color: #383838;\"><span style=\"font-family: Open Sans, Helvetica, Arial, sans-serif;\"><span style=\"font-size: small;\"><span style=\"letter-spacing: normal;\"><span style=\"font-style: normal;\"><span style=\"font-weight: normal;\">&mdash; Сколько у вас стоит провести банкет?<br /></span></span></span></span></span></span></span><strong><span style=\"font-variant: normal;\"><span style=\"color: #383838;\"><span style=\"font-family: Open Sans, Helvetica, Arial, sans-serif;\"><span style=\"font-size: small;\"><span style=\"letter-spacing: normal;\"><span style=\"font-style: normal;\"><span style=\"font-weight: normal;\">&mdash; Прошу прощения, как вас зовут?<br /></span></span></span></span></span></span></span></strong><span style=\"font-variant: normal;\"><span style=\"color: #383838;\"><span style=\"font-family: Open Sans, Helvetica, Arial, sans-serif;\"><span style=\"font-size: small;\"><span style=\"letter-spacing: normal;\"><span style=\"font-style: normal;\"><span style=\"font-weight: normal;\">&mdash; Серик<br /></span></span></span></span></span></span></span><strong><span style=\"font-variant: normal;\"><span style=\"color: #383838;\"><span style=\"font-family: Open Sans, Helvetica, Arial, sans-serif;\"><span style=\"font-size: small;\"><span style=\"letter-spacing: normal;\"><span style=\"font-style: normal;\"><span style=\"font-weight: normal;\">&mdash; Серик, у нас есть несколько вариантов. Чтобы сейчас не перечислять их все, давайте сделаем так &ndash; я задам вам несколько вопросов, чтобы понять, какие именно варианты вам подойдут. На сколько человек планируете банкет? Это семейное</span></span></span></span></span></span></span></strong> <strong><span style=\"font-variant: normal;\"><span style=\"color: #383838;\"><span style=\"font-family: Open Sans, Helvetica, Arial, sans-serif;\"><span style=\"font-size: small;\"><span style=\"letter-spacing: normal;\"><span style=\"font-style: normal;\"><span style=\"font-weight: normal;\">мероприятие или корпоративное? На какую длительность рассчитываете? Будут ли дети &ndash; спрашиваю, чтобы понимать, нужны ли дополнительные детские стулья? Вы хотите легкий перекус для гостей или с горячими блюдами? Скажите, а что для вас важно при выборе места для проведения банкета? Какие-то особые пожелания есть? А что не желательно?</span></span></span></span></span></span></span></strong></p>\n<p style=\"margin-bottom: 0.51cm; font-variant: normal; letter-spacing: normal; font-style: normal; font-weight: normal; orphans: 2; widows: 2;\"><span style=\"color: #383838;\"><span style=\"font-family: Open Sans, Helvetica, Arial, sans-serif;\"><span style=\"font-size: small;\">Серик, спасибо за ответы. Я сейчас понимаю, что вам могут подойти два варианта: вариант А &ndash; описание &ndash; стоимость и вариант Б &ndash; описание &mdash; стоимость. У нас есть и другие варианты &ndash; более дорогие/дешевые.</span></span></span></p>\n<p style=\"margin-bottom: 0.51cm; font-variant: normal; letter-spacing: normal; font-style: normal; font-weight: normal; orphans: 2; widows: 2;\"><span style=\"color: #383838;\"><span style=\"font-family: Open Sans, Helvetica, Arial, sans-serif;\"><span style=\"font-size: small;\">Я могу выслать подробное меню на вам на почту. Пожалуйста, дайте электронный адрес. Можно ваш мобильный телефон &ndash; я вам скину смс с нашим рабочим мобильным.</span></span></span></p>\n<p align=\"center\">&nbsp;</p>\n</td>\n</tr>\n</tbody>\n</table>",
  "todoScenario": "",
  "id": "a23ccdb0-b772-11ea-ba0e-1bf85ac807cb",
  "_class": "supportScenario@crm-ru",
  "_classVer": "",
  "_creator": "demo@local",
  "___workflowStatus": {}
}