{
  "dateCreate": "2020-07-06T06:56:44.392Z",
  "dateСhange": "2020-07-08T02:39:07.110Z",
  "endTaskClassification": false,
  "needRefactoringScenario": false,
  "support": "1",
  "name": "Обращения по гарантийным случаям",
  "taskClassification": null,
  "scenario": "<p>- Приветствие.</p>\n<p>Внимание! Обязательно напомните взять гарантийный талон.</p>\n<p>- Добрый день! Я брал у вас рюкзак на прошлой неделе, я сразу не заметил, но у него на внутреннем кармане замок сломан.</p>\n<p>- Вы уверены, что он сломался не в процессе использования?</p>\n<p>- Да, я еще не успел его использовать, стал складывать вещи и заметил.</p>\n<p>- Хорошо! Привозите сразу, как сможете, мастер посмотрит. Только не забудьте гарантийный талон!</p>\n<p>- Хорошо, возьму! Сегодня к 18 смогу подъехать.</p>\n<p>- Все, ждем Вас. До свидания!</p>",
  "todoScenario": "",
  "id": "270c02e0-bf57-11ea-9840-1b1699e7135f",
  "_class": "supportScenario@crm-ru",
  "_classVer": "",
  "_creator": "demo@local",
  "_editor": "demo@local",
  "___workflowStatus": {}
}