{
  "code": "1",
  "name": "Продажа туристического инвентаря ООО \"Восток-Тур\"",
  "information": "<p>Магазин осуществляет продажу туристического инвентаря - все для походов, сплавов и т.д. В наличии - лодки, палатки, рюкзаки и пр. Предоставляется информация о товарах, их наличии, возможность сделать заказ через обращение по телефону, почте или личном посещении. Обращения фиксируются в системе.&nbsp;</p>",
  "_class": "support@crm-ru",
  "_classVer": "",
  "_creator": "demo@local",
  "_editor": "demo@local",
  "___workflowStatus": {}
}